<?xml version="1.0" encoding="UTF-8" ?>
<!DOCTYPE struts PUBLIC "-//Apache Software Foundation//DTD Struts Configuration 2.1//EN" "http://struts.apache.org/dtds/struts-2.1.dtd">
<struts>
<package name="actforinstor" extends="struts-default" >

<action name="instor_del" class="InstorAction" method="del">
<result name="success">/back/success.jsp</result>
</action>

<action name="instor_add" class="InstorAction" method="add">
<result name="success">/back/success.jsp</result>
</action>

<action name="instor_mod" class="InstorAction" method="aimed">
<result name="success">/instorage/manage_inmodtb.jsp</result>
</action>

<action name="instor_modtb" class="InstorAction" method="update">
<result name="success">/back/success.jsp</result></action>

<action name="instor_getAll" class="InstorAction" method="getAll">
<result name="success">/instorage/manage_mateinsel.jsp</result>
</action>
</package>
</struts>  