<?xml version="1.0" encoding="UTF-8" ?>
<!DOCTYPE struts PUBLIC "-//Apache Software Foundation//DTD Struts Configuration 2.1//EN" "http://struts.apache.org/dtds/struts-2.1.dtd">
<struts>
<package name="actfordic" extends="struts-default" >
<action name="dic_add" class="DictionaryAction" method="add">
<result name="success">/back/success.jsp</result>
</action>

<action name="dic_sel" class="DictionaryAction" method="getAll">
<result name="success">/back/success.jsp</result>
</action>

<action name="dic_judge" class="DictionaryAction" method="judge">
<result name="success">/dictionary/dic_show.jsp</result>
<result name="nodata">/dictionary/dic_add.jsp</result>
</action>

<action name="dic_aim" class="DictionaryAction" method="topage">
<result name="success">/dictionary/dic_mod.jsp</result>
</action>

<action name="dic_mod" class="DictionaryAction" method="update">
<result name="success">/back/success.jsp</result>
</action>

</package>
</struts>   