<?xml version="1.0" encoding="UTF-8" ?>
<!DOCTYPE struts PUBLIC "-//Apache Software Foundation//DTD Struts Configuration 2.1//EN" "http://struts.apache.org/dtds/struts-2.1.dtd">
<struts>
<package name="actformat" extends="struts-default" >
<action name="mate_add" class="MateAction" method="add">
<result name="success">/back/success.jsp</result>
</action>
<action name="mate_findpage" class="MateAction" method="find">
<result name="success">/material/manage_matemod.jsp</result>
</action>

<action name="mate_mod" class="MateAction" method="topage">
<result name="success">/material/manage_matemodtb.jsp</result>
</action>

<action name="mate_del" class="MateAction" method="delete">
<result name="success">/back/success.jsp</result>
</action>

<action name="out_del" class="MateAction" method="del">
<result name="success">/back/success.jsp</result>
</action>

<action name="mate_modtb" class="MateAction" method="update">
<result name="success">/back/success.jsp</result>
</action>
<action name="mate_sel" class="MateAction" method="getAll">
<result name="success">/material/manage_matesel.jsp</result>
</action>

<action name="over_mate" class="MateAction" method="getAllOver">
<result name="success">/overdue/manage_mateoverdue.jsp</result>
</action>

<action name="del_over" class="MateAction" method="delover">
<result name="success">/back/success.jsp</result>
</action>
</package>
</struts>    
