<?xml version="1.0" encoding="UTF-8" ?>
<!DOCTYPE struts PUBLIC "-//Apache Software Foundation//DTD Struts Configuration 2.1//EN" "http://struts.apache.org/dtds/struts-2.1.dtd">
<struts>
	<!-- 通过包来管理配置信息:action、result、interceptor-stack -->
	<!-- name为必须其他不必须 -->
	<package name="actforlog" extends="struts-default">
		<!-- 注册拦截器只有登录成功的管理员才能进入下层 -->
		<!-- <interceptors>
			<interceptor name="log" class="com.Memmsys.intercept.LoginInterceptor" />
			自定义拦截器栈组合了defaultStack和log
			<interceptor-stack name="mystack">
				为Action引用显示拦截器后，默认拦截器栈不再生效需要手工引用
				<interceptor-ref name="defaultStack" />
				<interceptor-ref name="log"/>
			</interceptor-stack>
		</interceptors> -->	
		<!-- name->.jsp/class->action类/method->action类中方法 -->
		
		<!-- 通过此Action访问后台管理页面 -->
		<action name="manager_login" class="ManagerAction" method="login">
			<result name="success" >/manage.jsp</result>
			<result name="input">/login.jsp</result>
		</action>
	</package>
</struts> 