<?xml version="1.0" encoding="UTF-8" ?>
<!DOCTYPE struts PUBLIC "-//Apache Software Foundation//DTD Struts Configuration 2.1//EN" "http://struts.apache.org/dtds/struts-2.1.dtd">
<struts>
<package name="actforoutstor" extends="struts-default" >

<action name="out_add" class="OutstorAction" method="add">
<result name="success">/back/success.jsp</result>
<result name="nodata">/back/notfound.jsp</result>
</action>

<action name="out_sel" class="OutstorAction" method="getAll">
<result name="success">/outstorage/manage_mateoutsel.jsp</result>
</action>

<action name="out_mod" class="OutstorAction" method="topage">
<result name="success">/outstorage/manage_outdb.jsp</result>
</action>

<action name="out_modtb" class="OutstorAction" method="update">
<result name="success">/back/success.jsp</result>
<result name="nodata">/back/notfound.jsp</result>
</action>
</package>
</struts>  