<?xml version="1.0" encoding="UTF-8" ?>
<!DOCTYPE struts PUBLIC "-//Apache Software Foundation//DTD Struts Configuration 2.1//EN" "http://struts.apache.org/dtds/struts-2.1.dtd">
<struts>
<package name="actforhos" extends="struts-default" >

<action name="hos_add" class="HosAction" method="add">
<result name="success">/back/success.jsp</result>
</action>

<action name="hos_selall" class="HosAction" method="getAll">
<result name="success">/hisatory/manage_hossel.jsp</result>
</action>

<action name="hos_write" class="HosAction" method="findpage">
<result name="success">/hisatory/manage_hosmodtb.jsp</result>
</action>

<action name="hos_update" class="HosAction" method="update">
<result name="success">/back/success.jsp</result>
</action>

<action name="hos_del" class="HosAction" method="delete">
<result name="success">/back/success.jsp</result>
</action>

</package>
</struts>    
