<?xml version="1.0" encoding="UTF-8" ?>
<!DOCTYPE struts PUBLIC "-//Apache Software Foundation//DTD Struts Configuration 2.1//EN" "http://struts.apache.org/dtds/struts-2.1.dtd">
<struts>
<!-- 配置映射的action -->
<include file="struts-login.xml"></include>
<include file="struts-hos.xml"></include>
<include file="struts-mat.xml"></include>
<include file="struts-instor.xml"></include>
<include file="struts-outstor.xml"></include>
<include file="struts-overdue.xml"></include>
<include file="struts-dic.xml"></include>
</struts>    
