<?xml version="1.0" encoding="UTF-8"?>
<!DOCTYPE hibernate-mapping PUBLIC "-//Hibernate/Hibernate Mapping DTD 3.0//EN" "http://hibernate.sourceforge.net/hibernate-mapping-3.0.dtd" >
<hibernate-mapping>
<!-- dynamic-update="true"只更新变更的数据 -->
	<class name="com.Memmsys.database.Depot" table="depot">
		<!-- 设置主键 -->
		<id name="dId" type="integer" column="dId">
			<!-- 设置生成策略为自增 -->
			<generator class="native"></generator>
		</id>
		<property name="dname" type="string">
			<column name="dName" length="20" not-null="true">
			</column>
		</property>
		<property name="dtime" type="date">
			<column name="dtime"  not-null="true">
			</column>
		</property>
		<property name="daccount" type="integer">
			<column name="dAccount" not-null="true">
			</column>
		</property>
		<property name="dtype" type="string">
			<column name="dType" length="20" not-null="true">
			</column>
		</property>
        <set name="dictionaries" inverse="true" cascade="all">
	    <key column="dId"></key>
	    <one-to-many class="com.Memmsys.database.Dictionary"/>
	    </set>
	    <set name="materials" inverse="true" cascade="all">
	    <key column="dId"></key>
	    <one-to-many class="com.Memmsys.database.Material"/>
	    </set>
	</class>
</hibernate-mapping>
