<?xml version="1.0" encoding="UTF-8"?>
<!DOCTYPE hibernate-mapping PUBLIC "-//Hibernate/Hibernate Mapping DTD 3.0//EN" "http://hibernate.sourceforge.net/hibernate-mapping-3.0.dtd" >
<hibernate-mapping>
<class name="com.Memmsys.database.Dictionary" table="dict">
		<!-- 设置主键 -->
		<id name="eid" type="integer" column="eid">
			<!-- 设置生成策略为自增 -->
			<generator class="native"></generator>
		</id>
		<property name="ename" type="string">
			<column name="ename" length="50" >
			</column>
		</property>
		<property name="eename" type="string">
			<column name="eename" length="50">
			</column>
		</property>
		<property name="eground" type="string">
			<column name="eground" length="50" >
			</column>
		</property>
		<property name="euse" type="string">
			<column name="euse" length="50" >
			</column>
		</property>
		<property name="espec" type="string">
			<column name="espec" length="50" >
			</column>
		</property>
		<property name="epeople" type="string">
			<column name="epeople" length="50">
			</column>
		</property>
		<property name="ebadside" type="string">
			<column name="ebadside" length="50">
			</column>
		</property>
		<many-to-one name="depot" class="com.Memmsys.database.Depot" column="dId" cascade="all"></many-to-one>	
	</class>
</hibernate-mapping>
