<?xml version="1.0" encoding="UTF-8"?>
<!DOCTYPE hibernate-mapping PUBLIC "-//Hibernate/Hibernate Mapping DTD 3.0//EN" "http://hibernate.sourceforge.net/hibernate-mapping-3.0.dtd" >
<hibernate-mapping>
<!-- dynamic-update="true"只更新变更的数据 -->
	<class name="com.Memmsys.database.Hospital" table="hospitals" dynamic-update="true">
		<!-- 设置主键 -->
		<id name="hId" type="integer" column="hId">
			<!-- 设置生成策略为自增 -->
			<generator class="native"></generator>
		</id>
		<property name="hnumber" type="integer">
			<column name="hNumber" not-null="true">
			</column>
		</property>
		<property name="hname" type="string">
			<column name="hName" length="20" not-null="true">
			</column>
		</property>
		<property name="hphoneString" type="string">
			<column name="hPhone" length="20" not-null="true">
			</column>
		</property>
		<property name="haddress" type="string">
			<column name="hAdress" length="20" not-null="true">
			</column>
		</property>
		<property name="howner" type="string">
			<column name="hOwner" length="20" not-null="true">
			</column>
		</property>
	</class>
</hibernate-mapping>
