<?xml version="1.0" encoding="UTF-8"?>
<!DOCTYPE hibernate-mapping PUBLIC "-//Hibernate/Hibernate Mapping DTD 3.0//EN" "http://hibernate.sourceforge.net/hibernate-mapping-3.0.dtd" >
<hibernate-mapping>
<class name="com.Memmsys.database.Instorage" table="instorages">
		<!-- 设置主键 -->
		<id name="inId" type="integer" column="inId">
			<!-- 设置生成策略为自增 -->
			<generator class="native"></generator>
		</id>
		<property name="intime" type="date">
			<column name="inTime" not-null="true">
			</column>
		</property>
		<property name="innum" type="integer">
			<column name="inNum"  not-null="true">
			</column>
		</property>
		<property name="inaccount" type="integer">
			<column name="inAccount"  not-null="true">
			</column>
		</property>		
		<property name="inperson" type="string">
			<column name="inPerson" length="20" not-null="true">
			</column>
		</property>
		<property name="allmoney" type="long">
		    <column name="allMoney" not-null="true">
			</column>
		</property>
		<many-to-one name="material" class="com.Memmsys.database.Material" unique="true" column="mId" cascade="all"></many-to-one>
	</class>
</hibernate-mapping>
