<?xml version="1.0" encoding="UTF-8"?>
<!DOCTYPE hibernate-mapping PUBLIC "-//Hibernate/Hibernate Mapping DTD 3.0//EN" "http://hibernate.sourceforge.net/hibernate-mapping-3.0.dtd" >
<hibernate-mapping>
	<class name="com.Memmsys.database.MateAndinstor" table="mateandinstor">
		<id name="miId" type="integer" column="miId">
			<!-- 设置生成策略为自增 -->
			<generator class="native"></generator>
		</id>
		<property name="miname" type="string">
			<column name="miname" ></column>
		</property>
		<property name="hname" type="string">
			<column name="hname" ></column>
		</property>
		<property name="moneyl" type="long">
			<column name="moneyl" ></column>
		</property>
		<property name="maccount" type="integer">
			<column name="maccount" ></column>
		</property>
		<property name="allmoney" type="long">
			<column name="allmoney" ></column>
		</property>
		<!-- property-ref="mateAndinstor"为了在主表中能查找外键表的信息 -->
<one-to-one name="instorage" class="com.Memmsys.database.Instorage" property-ref="mateAndinstor" cascade="all"></one-to-one>
<one-to-one name="outstorages" class="com.Memmsys.database.Outstorage" property-ref="mateAndinstor" cascade="all"></one-to-one>
<one-to-one name="materials" class="com.Memmsys.database.Material" property-ref="mateAndinstor" cascade="all"></one-to-one>
	
	
	</class>
</hibernate-mapping>
