<?xml version="1.0" encoding="UTF-8"?>
<!DOCTYPE hibernate-mapping PUBLIC "-//Hibernate/Hibernate Mapping DTD 3.0//EN" "http://hibernate.sourceforge.net/hibernate-mapping-3.0.dtd" >
<hibernate-mapping>
<class name="com.Memmsys.database.Material" table="mater">
		<!-- 设置主键 -->
		<id name="mId" type="integer" column="mId">
			<!-- 设置生成策略为自增 -->
			<generator class="native"></generator>
		</id>
		<property name="mname" type="string">
			<column name="mname" length="20" not-null="true">
			</column>
		</property>
		<property name="number" type="integer">
			<column name="mnumber" not-null="true">
			</column>
		</property>
		<property name="mtype" type="string">
			<column name="mtype" length="20" not-null="true">
			</column>
		</property>
		<!-- 注意实体类中的属性的set/get方法有没有关键字isXXX会跟数据库关键字冲突从而建不了表 -->		
		<!-- <property name="mover" type="java.lang.Boolean">
			<column name="mover"  not-null="true">
			</column>
		</property> -->
		<property name="mbirth" type="date">
			<column name="mbirth" not-null="true">
			</column>
		</property>
		<property name="muyear" type="date">
			<column name="muyear" not-null="true">
			</column>
		</property>
		<property name="maccount" type="integer">
			<column name="maccount" not-null="true">
			</column>
		</property>	
	    <!-- 对入库单 -->
	    <set name="instorages" inverse="true" cascade="all">
	    <key column="mId"></key>
	    <one-to-many class="com.Memmsys.database.Instorage"/>
	    </set>
	    <set name="outstorages" inverse="true" cascade="all">
	    <key column="mId"></key>
	    <one-to-many class="com.Memmsys.database.Outstorage"/>
	    </set>	
	    <many-to-one name="depot" class="com.Memmsys.database.Depot" column="dId" cascade="all"></many-to-one>	
	</class>
</hibernate-mapping>
