<?xml version="1.0" encoding="UTF-8"?>
<!DOCTYPE hibernate-mapping PUBLIC "-//Hibernate/Hibernate Mapping DTD 3.0//EN" "http://hibernate.sourceforge.net/hibernate-mapping-3.0.dtd" >
<hibernate-mapping>

<class name="com.Memmsys.database.Outstorage" table="outstorages">
		<!-- 设置主键 -->
		<id name="outId" type="integer" column="outId">
			<!-- 设置生成策略为自增 -->
			<generator class="native"></generator>
		</id>
		<property name="outtime" type="date">
			<column name="outTime" not-null="true">
			</column>
		</property>
		<property name="outnum" type="integer">
			<column name="outNum"  not-null="true">
			</column>
		</property>
		<property name="outaccount" type="integer">
			<column name="outAccount"  not-null="true">
			</column>
		</property>
		<property name="outperson" type="string">
			<column name="outPerson" length="10" not-null="true">
			</column>
		</property>
		<property name="outreason" type="string">
			<column name="outReason"  length="50" not-null="true">
			</column>
		</property>
		<many-to-one name="material" class="com.Memmsys.database.Material" unique="true" column="mId" cascade="all"></many-to-one>
	</class>
</hibernate-mapping>