<?xml version="1.0" encoding="UTF-8"?>
<!DOCTYPE hibernate-mapping PUBLIC "-//Hibernate/Hibernate Mapping DTD 3.0//EN" "http://hibernate.sourceforge.net/hibernate-mapping-3.0.dtd" >
<hibernate-mapping>
<class name="com.Memmsys.database.Manager" table="manager">
		<!-- 设置主键 -->
		<id name="userid" type="integer" column="userid">
			<!-- 设置生成策略为自增 -->
			<generator class="native"></generator>
		</id>
		<property name="name" type="string">
			<column name="name"  not-null="true">
			</column>
		</property>
		<property name="password" type="string">
			<column name="password"  not-null="true">
			</column>
		</property>
		</class>
</hibernate-mapping>