<?xml version="1.0" encoding="UTF-8"?>
<beans xmlns="http://www.springframework.org/schema/beans"
	xmlns:xsi="http://www.w3.org/2001/XMLSchema-instance" xmlns:tx="http://www.springframework.org/schema/tx"
	xmlns:p="http://www.springframework.org/schema/p" xmlns:context="http://www.springframework.org/schema/context"
	xmlns:aop="http://www.springframework.org/schema/aop"
	xsi:schemaLocation="http://www.springframework.org/schema/beans 
	                    http://www.springframework.org/schema/beans/spring-beans-3.1.xsd
	                    http://www.springframework.org/schema/context
	                    http://www.springframework.org/schema/context/spring-context-3.1.xsd
	                    http://www.springframework.org/schema/tx
	                    http://www.springframework.org/schema/tx/spring-tx-3.1.xsd 
	                    http://www.springframework.org/schema/aop 
	                    http://www.springframework.org/schema/aop/spring-aop-3.1.xsd">
	<!-- 配置数据库连接池 -->

	<bean id="dataSource" class="org.apache.commons.dbcp.BasicDataSource"
		destroy-method="close">
		<property name="driverClassName">
			<value>com.microsoft.sqlserver.jdbc.SQLServerDriver</value>
		</property>
		<property name="url">
			<value>jdbc:sqlserver://127.0.0.1:1433;databaseName=MEMMSystem
			</value>
		</property>
		<property name="username">
			<value>manager</value>
		</property>
		<property name="password">
			<value>123456</value>
		</property>
	</bean>
	<!-- 配置Hibernate的相关属性 -->
	<bean id="sessionFactory"
		class="org.springframework.orm.hibernate4.LocalSessionFactoryBean">
		<!-- 注入连接池 -->
		<property name="dataSource" ref="dataSource"></property>
		<!-- 配置Hibernate属性 -->
		<property name="hibernateProperties">
			<props>
				<!-- 配置数据库方言 (将hibernate.cfg.xml中的额外配置引入) -->
				<prop key="hibernate.dialect">org.hibernate.dialect.SQLServerDialect</prop>
				<prop key="hibernate.show_sql">true</prop>
				<prop key="hibernate.format_sql">true</prop>
				<prop key="hibernate.hbm2ddl.auto">update</prop>
				<prop key="hibernate.current_session_context_class">org.springframework.orm.hibernate4.SpringSessionContext
				</prop>
				<!-- //缓存设置 -->
				<prop key="hibernate.cache.provider_class">net.sf.ehcache.hibernate.EhCacheProvider</prop>
				<!-- hibernate结果滚动 -->
				<prop key="jdbc.use_scrollable_resultset">false</prop>
			</props>
		</property>
		<!-- 加载Hibernate中的映射文件 .hbm.xml -->
		<property name="mappingResources">
			<!-- setMappingResource是以数组方式存储多个配置文件 -->
			<list>
				<value>com/Memmsys/hbmxmls/hospital.hbm.xml</value>
				<value>com/Memmsys/hbmxmls/mater.hbm.xml</value>
				<value>com/Memmsys/hbmxmls/instorage.hbm.xml</value>
				<value>com/Memmsys/hbmxmls/outstorage.hbm.xml</value>
				<value>com/Memmsys/hbmxmls/user.hbm.xml</value>
				<value>com/Memmsys/hbmxmls/depot.hbm.xml</value>
				<value>com/Memmsys/hbmxmls/dictionary.hbm.xml</value>
			</list>
		</property>
	</bean>
	<!-- 事务管理 -->
	<!-- 配置事务管理器 -->
	<bean id="transactionManager"
		class="org.springframework.orm.hibernate4.HibernateTransactionManager">
		<property name="sessionFactory" ref="sessionFactory"></property>
	</bean>
	<!-- 事务通知操作 -->
	<tx:advice id="txAdvice" transaction-manager="transactionManager">
		<tx:attributes>
			<!-- 指定哪些方法需要加入事务，可以使用通配符来只加入需要的方法 -->
			<!-- 事务管理器是运用AOP的原理，自动在目标方法插入事务代码 -->
			<tx:method name="add*" propagation="REQUIRED" />
			<tx:method name="update*" propagation="REQUIRED" />
			<tx:method name="updateOut*" propagation="REQUIRED" />
			<tx:method name="delete*" propagation="REQUIRED" />
			<tx:method name="get*" propagation="REQUIRED" read-only="true" />
			<tx:method name="getById*" propagation="REQUIRED" read-only="true" />
			<tx:method name="getAll*" propagation="REQUIRED" read-only="true" />
			<tx:method name="getAllInstor*" propagation="REQUIRED" read-only="true" />
			<tx:method name="getAllOut*" propagation="REQUIRED" read-only="true" />
			<tx:method name="updateByid*" propagation="REQUIRED" />
			<tx:method name="updateByNum*" propagation="REQUIRED" />
		</tx:attributes>
	</tx:advice>
	<!-- 开启事务注解 -->
	<tx:annotation-driven transaction-manager="transactionManager" />
	<!-- 引入aop命名空间 -->
	<aop:config>
		<!-- 切入点指明了在执行Service的所有方法时产生事务拦截 -->
		<!-- * com.service.impl.*.*(..):（星 空格 包名 点星(代表所有此包下所有的类) 点星(代表类下所有的方法) -->
		<aop:pointcut expression="execution(* com.Memmsys.service.*.*(..))"
			id="daoMethods" />
		<!-- 定义了将采用何种拦截操作，这里引用到 txAdvice -->
		<aop:advisor advice-ref="txAdvice" pointcut-ref="daoMethods" />
	</aop:config>


	<!--注入 -->

	                     <!--web层整合业务层 -->
	<!-- 配置Action实现类 -->
	<bean id="OutstorAction" class="com.Memmsys.action.OutstorAction"
		scope="prototype">
		<property name="outstorageService" ref="outstorageService"></property>
		<property name="mateService" ref="mateService"></property>
		<property name="depotService" ref="depotService"></property>
		<property name="instorageService" ref="instorageService"></property>
	</bean>
	<bean id="MateAction" class="com.Memmsys.action.MateAction" scope="prototype">
		<property name="mateService" ref="mateService"></property>
		<property name="depotService" ref="depotService"></property>
		<property name="outstorageService" ref="outstorageService"></property>
	</bean>
	<bean id="InstorAction" class="com.Memmsys.action.InstorAction"
		scope="prototype">
		<property name="instorageService" ref="instorageService"></property>
		<property name="mateService" ref="mateService"></property>
		<property name="depotService" ref="depotService"></property>
	</bean>
	<bean id="ManagerAction" class="com.Memmsys.action.ManagerAction"
		scope="prototype">
		<property name="managerService" ref="managerService"></property>
	</bean>
	<bean id="HosAction" class="com.Memmsys.action.HosAction" scope="prototype">
		<property name="hospitalService" ref="hospitalService"></property>
	</bean>
	<bean id="DictionaryAction" class="com.Memmsys.action.DictionaryAction" scope="prototype">
		<property name="dictionaryService" ref="dictionaryService"></property>
	</bean>


	                     <!-- 业务层整合持久层 -->
	<!-- 配置Service实现类 -->
	
	<bean id="commonService" class="com.Memmsys.service.CommonImpl">
		<property name="commonDAO" ref="commonDAO"></property>
	</bean>
	<bean id="outstorageService" class="com.Memmsys.service.OutstorageServiceImpl">
		<property name="outstorageDAO" ref="outstorageDAO"></property>
	</bean>
	<bean id="mateService" class="com.Memmsys.service.MateServiceImpl">
		<property name="mateDAO" ref="mateDAO"></property>
	</bean>
	<bean id="instorageService" class="com.Memmsys.service.InstorageServiceImpl">
		<property name="instorageDAO" ref="instorageDAO"></property>
	</bean>
	<bean id="hospitalService" class="com.Memmsys.service.HospitalServiceImpl">
		<property name="hospitalDAO" ref="hospitalDAO"></property>
	</bean>
	<bean id="managerService" class="com.Memmsys.service.ManagerServiceImpl">
		<property name="managerDAO" ref="managerDAO"></property>
	</bean>
	<bean id="depotService" class="com.Memmsys.service.DepotServiceImpl">
		<property name="depotDAO" ref="depotDAO"></property>
	</bean>
	<bean id="dictionaryService" class="com.Memmsys.service.DictionaryServiceImpl">
		<property name="dictionaryDAO" ref="dictionaryDAO"></property>
	</bean>

	                       <!-- 配置DAO实现类 -->
	<bean id="commonDAO" class="com.Memmsys.DAO.CommonDAOImpl">
		<property name="sessionFactory" ref="sessionFactory"></property>
	</bean>
	<bean id="outstorageDAO" class="com.Memmsys.DAO.OutstorageDAOImpl">
		<property name="sessionFactory" ref="sessionFactory"></property>
	</bean>
	<bean id="mateDAO" class="com.Memmsys.DAO.MateDAOImpl">
		<property name="sessionFactory" ref="sessionFactory"></property>
	</bean>
	<bean id="instorageDAO" class="com.Memmsys.DAO.InstorageDAOImpl">
		<property name="sessionFactory" ref="sessionFactory"></property>
	</bean>
	<bean id="hospitalDAO" class="com.Memmsys.DAO.HospitalDAOImpl">
		<property name="sessionFactory" ref="sessionFactory"></property>
	</bean>
	<bean id="managerDAO" class="com.Memmsys.DAO.ManagerDAOImpl">
		<property name="sessionFactory" ref="sessionFactory"></property>
	</bean>
	<bean id="depotDAO" class="com.Memmsys.DAO.DepotDAOImpl">
		<property name="sessionFactory" ref="sessionFactory"></property>
	</bean>
	<bean id="dictionaryDAO" class="com.Memmsys.DAO.DictionaryDAOImpl">
		<property name="sessionFactory" ref="sessionFactory"></property>
	</bean>
</beans>