<?xml version='1.0' encoding='UTF-8'?>
<!DOCTYPE hibernate-configuration PUBLIC
          "-//Hibernate/Hibernate Configuration DTD 3.0//EN"
          "http://www.hibernate.org/dtd/hibernate-configuration-3.0.dtd">
<!-- Generated by MyEclipse Hibernate Tools. -->
<hibernate-configuration>

	<session-factory>
		<!-- 指定为sqlsever数据库方言 -->
		<property name="dialect">org.hibernate.dialect.SQLServerDialect</property>
		<!--指定连接的数据库 -->
		<property name="connection.url">jdbc:sqlserver://127.0.0.1:1433;databaseName=MEMMSystem</property>
		<!-- 指定连接数据库用户 -->
		<property name="connection.username">manager</property>
		<!-- 指定连接数据库密码 -->
		<property name="connection.password">123456</property>
		<!-- 指定数据库驱动 -->
		<property name="connection.driver_class">com.microsoft.sqlserver.jdbc.SQLServerDriver</property>
		<!-- 指定数据库连接的别称 -->
		<property name="myeclipse.connection.profile">MS</property>
		<!-- 把运行时的SQL语句输出到控制台 -->
		<property name="show_sql">true</property>
		<!-- 把输出到控制台的SQL语句排版 -->
		<property name="format_sql">true</property>
		<!-- 生成表策略，新建/更新 -->
		<property name="hbm2ddl.auto">update</property>
		<!-- 配置关系映射文件 -->
        <mapping resource="com/Memmsys/hmenu/Us.hbm.xml"/>
        <mapping resource="com/Memmsys/hmenu/mt/Mt.hbm.xml"/>
        <mapping resource="com/Memmsys/hmenu/hp/Hp.hbm.xml"/>
	</session-factory>

</hibernate-configuration>